problem,solution
ğŸ + ğŸ + ğŸ = 12,ğŸ = 4
ğŸš— + ğŸš— + ğŸš— + ğŸš— = 20,ğŸš— = 5
ğŸ¸ Ã· 4 = 5,ğŸ¸ = 20
âš½ Ã· 3 = 6,âš½ = 18
ğŸ¶ + ğŸ¶ = 10,ğŸ¶ = 5
ğŸ• + ğŸ• + ğŸ• = 18,ğŸ• = 6
ğŸ¼ + ğŸ¼ + ğŸ¼ + ğŸ¼ = 24,ğŸ¼ = 6
ğŸ“ + ğŸ“ + ğŸ“ = 18,ğŸ“ = 6
ğŸš™ + ğŸš™ + ğŸš™ = 27,ğŸš™ = 9
ğŸ¨ + ğŸ¨ + ğŸ¨ = 18,ğŸ¨ = 6
ğŸ’ + ğŸ’ + ğŸ’ + ğŸ’ = 20,ğŸ’ = 5
ğŸš + ğŸš = 16,ğŸš = 8
ğŸ + ğŸ + ğŸ = 21,ğŸ = 7
ğŸŒ + ğŸŒ + ğŸŒ = 18,ğŸŒ = 6
ğŸš¤ + ğŸš¤ = 14,ğŸš¤ = 7
ğŸ’ + ğŸ’ + ğŸ’ + ğŸ’ = 24,ğŸ’ = 6
ğŸ Ã— ğŸ = 16,ğŸ = 4
ğŸš— - ğŸš— = 0,ğŸš— = any number
ğŸ¶ Ã— 2 = 10,ğŸ¶ = 5
ğŸ• Ã· 2 = 3,ğŸ• = 6
ğŸˆ Ã— ğŸˆ = 25,ğŸˆ = 5
ğŸŠ - ğŸŠ = 0,ğŸŠ = any number
ğŸ¢ - ğŸ¢ - ğŸ¢ = -6,ğŸ¢ = 2
ğŸš´â€â™‚ï¸ - ğŸš´â€â™‚ï¸ - ğŸš´â€â™‚ï¸ - ğŸš´â€â™‚ï¸ = -12,ğŸš´â€â™‚ï¸ = 3
ğŸ˜ + ğŸ˜ + ğŸ˜ + ğŸ˜ = 28,ğŸ˜ = 7
ğŸ‡ + ğŸ‡ + ğŸ‡ = 15,ğŸ‡ = 5
ğŸ¦ + ğŸ¦ + ğŸ¦ + ğŸ¦ = 24,ğŸ¦ = 6
ğŸ¸ Ã· 3 = 7,ğŸ¸ = 21
ğŸƒ Ã· 2 = 9,ğŸƒ = 18
ğŸˆ + ğŸˆ + ğŸˆ + ğŸˆ + ğŸˆ = 25,ğŸˆ = 5
ğŸ¦ + ğŸ¦ = 8,ğŸ¦ = 4
ğŸ” + ğŸ” + ğŸ” = 18,ğŸ” = 6
ğŸš• + ğŸš• + ğŸš• = 27,ğŸš• = 9
ğŸ  + ğŸ  + ğŸ  + ğŸ  + ğŸ  = 25,ğŸ  = 5
ğŸ° + ğŸ° + ğŸ° = 21,ğŸ° = 7
ğŸšš + ğŸšš = 18,ğŸšš = 9
ğŸ€ Ã· 5 = 4,ğŸ€ = 20
ğŸ” Ã· 6 = 3,ğŸ” = 18
ğŸ¦ - ğŸ¦ - ğŸ¦ = -9,ğŸ¦ = 3
ğŸ‡ - ğŸ‡ - ğŸ‡ - ğŸ‡ - ğŸ‡ = -10,ğŸ‡ = 2
ğŸ - ğŸ = 0,ğŸ = any number
ğŸ¯ - 2 Ã— ğŸ¯ = -5,ğŸ¯ = 5
ğŸ - 3 Ã— ğŸ = -6,ğŸ = 3
ğŸ‰ Ã· 2 = 4,ğŸ‰ = 8
ğŸ¦„ Ã· 5 = 3,ğŸ¦„ = 15
ğŸš¢ Ã· 4 = 6,ğŸš¢ = 24
ğŸ± + ğŸ± + ğŸ± = 15,ğŸ± = 5
ğŸš² + ğŸš² = 14,ğŸš² = 7
ğŸ© + ğŸ© + ğŸ© + ğŸ© = 24,ğŸ© = 6
ğŸ§ + ğŸ§ + ğŸ§ = 21,ğŸ§ = 7
ğŸ« + ğŸ« + ğŸ« + ğŸ« + ğŸ« = 30,ğŸ« = 6
ğŸš€ + ğŸš€ = 16,ğŸš€ = 8
ğŸï¸ Ã· 2 = 10,ğŸï¸ = 20
